{"global_step": 19999, "_timestamp": 1739433272.9650369, "Episode/rew_action_smoothness": -0.009387548081576824, "Episode/rew_base_acc": 0.10684200376272202, "Episode/rew_base_height": 0.1121758222579956, "Episode/rew_collision": -4.050926509080455e-05, "Episode/rew_default_joint_pos": 0.14215439558029175, "Episode/rew_dof_acc": -0.0112913204357028, "Episode/rew_dof_pos_limits": 0.0, "Episode/rew_dof_torque_limits": -0.0005203940672799945, "Episode/rew_dof_vel": -4.890821969638637e-07, "Episode/rew_dof_vel_limits": -0.00868911948055029, "Episode/rew_feet_air_time": 0.007274411153048277, "Episode/rew_feet_clearance": 0.29305869340896606, "Episode/rew_feet_contact_forces": -0.06807488203048706, "Episode/rew_feet_contact_number": 1.5898436307907104, "Episode/rew_feet_distance": 0.1780329942703247, "Episode/rew_feet_rotation": 2.4468695202302215e-21, "Episode/rew_foot_slip": -0.10359470546245575, "Episode/rew_knee_distance": 0.15646480023860931, "Episode/rew_low_speed": 0.06574457138776779, "Episode/rew_orientation": 0.5183217525482178, "Episode/rew_ref_joint_pos": 1.1115028858184814, "Episode/rew_stand_still": 0.43283647298812866, "Episode/rew_torques": -1.6795689589343965e-05, "Episode/rew_track_vel_hard": 0.10526947677135468, "Episode/rew_tracking_ang_vel": 0.7715471982955933, "Episode/rew_tracking_lin_vel": 1.0353279113769531, "Episode/rew_vel_mismatch_exp": 0.27003949880599976, "Episode/terrain_level": 9.4501953125, "Episode/max_command_x": 1.2000000476837158, "Loss/value_function": 0.09512744843959808, "Loss/surrogate": -0.0001961431698873639, "Loss/state_estimator": 0.01673276536166668, "Loss/learning_rate": 3.3749998692655936e-05, "Policy/mean_noise_std": 0.1362786442041397, "Perf/total_fps": 110477.0, "Perf/collection time": 0.7647557258605957, "Perf/learning_time": 0.12505412101745605, "Observation/obs_mean_0": 0.004524093121290207, "Observation/obs_std_0": 0.6199769377708435, "Observation/obs_mean_1": 0.2025170922279358, "Observation/obs_std_1": 0.7364444732666016, "Observation/obs_mean_2": 0.6033645868301392, "Observation/obs_std_2": 0.8680334091186523, "Observation/obs_mean_3": -0.0038823287468403578, "Observation/obs_std_3": 0.4006158113479614, "Observation/obs_mean_4": -0.0004884046502411366, "Observation/obs_std_4": 0.3027741312980652, "Observation/obs_mean_5": 0.045616116374731064, "Observation/obs_std_5": 0.1498851180076599, "Observation/obs_mean_6": 0.0291118286550045, "Observation/obs_std_6": 0.08363929390907288, "Observation/obs_mean_7": 0.002534177154302597, "Observation/obs_std_7": 0.10451190918684006, "Observation/obs_mean_8": 0.13536764681339264, "Observation/obs_std_8": 0.20559725165367126, "Observation/obs_mean_9": -0.0037303294520825148, "Observation/obs_std_9": 0.09456635266542435, "Observation/obs_mean_10": -0.007083437871187925, "Observation/obs_std_10": 0.09173261374235153, "Observation/obs_mean_11": -0.08751863241195679, "Observation/obs_std_11": 0.13805359601974487, "Observation/obs_mean_12": 0.002981421537697315, "Observation/obs_std_12": 0.06382313370704651, "Observation/obs_mean_13": -0.04953678697347641, "Observation/obs_std_13": 0.1122901439666748, "Observation/obs_mean_14": 0.13196584582328796, "Observation/obs_std_14": 0.19249916076660156, "Observation/obs_mean_15": -0.0024632252752780914, "Observation/obs_std_15": 0.09840082377195358, "Observation/obs_mean_16": -0.019221920520067215, "Observation/obs_std_16": 0.06888038665056229, "Observation/obs_mean_17": 0.0027618571184575558, "Observation/obs_std_17": 0.09229972213506699, "Observation/obs_mean_18": -0.0010309293866157532, "Observation/obs_std_18": 0.07449613511562347, "Observation/obs_mean_19": 0.000927204848267138, "Observation/obs_std_19": 0.0843295007944107, "Observation/obs_mean_20": 0.0016471599228680134, "Observation/obs_std_20": 0.12182600051164627, "Observation/obs_mean_21": 0.0025007277727127075, "Observation/obs_std_21": 0.10731107741594315, "Observation/obs_mean_22": -0.0019259860273450613, "Observation/obs_std_22": 0.10279220342636108, "Observation/obs_mean_23": 1.1585885658860207e-05, "Observation/obs_std_23": 0.0899132564663887, "Observation/obs_mean_24": 0.0005921695847064257, "Observation/obs_std_24": 0.07181257009506226, "Observation/obs_mean_25": -0.001951797865331173, "Observation/obs_std_25": 0.08259430527687073, "Observation/obs_mean_26": 0.0011262294137850404, "Observation/obs_std_26": 0.11400030553340912, "Observation/obs_mean_27": -0.003118807217106223, "Observation/obs_std_27": 0.1075168251991272, "Observation/obs_mean_28": -0.0020812456496059895, "Observation/obs_std_28": 0.09943179786205292, "Observation/obs_mean_29": 0.08562429249286652, "Observation/obs_std_29": 0.6746619343757629, "Observation/obs_mean_30": -0.45692169666290283, "Observation/obs_std_30": 1.0885406732559204, "Observation/obs_mean_31": -0.20940175652503967, "Observation/obs_std_31": 0.49361667037010193, "Observation/obs_mean_32": 0.11363846808671951, "Observation/obs_std_32": 0.6922544240951538, "Observation/obs_mean_33": 0.014727289788424969, "Observation/obs_std_33": 0.5649623870849609, "Observation/obs_mean_34": 0.11104720830917358, "Observation/obs_std_34": 0.4456770122051239, "Observation/obs_mean_35": -0.20216181874275208, "Observation/obs_std_35": 0.6736282110214233, "Observation/obs_mean_36": 0.5480316877365112, "Observation/obs_std_36": 1.03714120388031, "Observation/obs_mean_37": 0.09533505141735077, "Observation/obs_std_37": 0.45965835452079773, "Observation/obs_mean_38": 0.06530200690031052, "Observation/obs_std_38": 0.6467856764793396, "Observation/obs_mean_39": -0.0044853403232991695, "Observation/obs_std_39": 0.5716920495033264, "Observation/obs_mean_40": -0.21951986849308014, "Observation/obs_std_40": 0.4431639313697815, "Observation/obs_mean_41": -0.000817825086414814, "Observation/obs_std_41": 0.44226107001304626, "Observation/obs_mean_42": -0.007440635934472084, "Observation/obs_std_42": 0.33572790026664734, "Observation/obs_mean_43": 0.0006214585155248642, "Observation/obs_std_43": 0.3768080174922943, "Observation/obs_mean_44": -0.007633054628968239, "Observation/obs_std_44": 0.09254922717809677, "Observation/obs_mean_45": -0.0034672762267291546, "Observation/obs_std_45": 0.08830662816762924, "Observation/obs_mean_46": -0.03804580494761467, "Observation/obs_std_46": 1.681501865386963, "_runtime": 18977, "_step": 23186, "Train/mean_reward": 164.24884033203125, "Train/mean_episode_length": 2261.330078125, "Train/mean_reward/time": 164.24884033203125, "Train/mean_episode_length/time": 2261.330078125, "_wandb": {"runtime": 18978}}